﻿<?xml version="1.0" encoding="utf-8"?>
<hipertext xmlns:xsi="http://www.w3.org/2001/XMLSchema-instance"
   xsi:noNamespaceSchemaLocation="HH.xsd">
	<author>
		<name>student's name</name>
		<surname>student's surname </surname>
	</author>
	<definition>
		Hipertext is a nonlinear text material.
	</definition>
	<persons>
		<person alive="no">
			<name>Vannevar</name>
			<surname>Bush</surname>
			<birth>1890</birth>
			<death>1974</death>
			<about>
				Vannevar Bush was a famous scientist in his days and was the science advisor to President Roosevelt during the Second World War, when science-based issues like inventing nuclear weapons were of great importance. After "As We May Think" ran in the Atlantic Monthly , it caused considerable discussion, and both Time and Life ran stories on the  Memex. Life even had an artist draw up illustrations of how the Memex would look and a scenario of its projection positions as the user was completing a link. Doug Engelbart,  who later became a pioneer in the development of interactive computing and invented the mouse, got part of his inspiration by reading Bush's article while waiting for a ship home from the Philippines in 1945. In spite of all this early interest surrounding the Memex it never got built. As hinted above, our current computer technology is still not able to support Bush's vision in its entirety. We do have computers with most of the Memex functionality but they are based on a completely different technology from the microfilm discussed by Bush.
			</about>
			<image source="img/Vannevar-Bush.jpg">Vannevar Bush</image>
			<link source="https://www.britannica.com/topic/Harvard-University">Vannevar Bush</link>
		</person>
		<person alive="yes">
			<name>Tim</name>
			<surname>Berners-Lee</surname>
			<birth>1955</birth>
			<about>
				Sir Tim Berners Lee is an English computer scientist best known as the inventor of the World Wide Web. He is a Professorial Fellow of Computer Science at the University of Oxford and a professor at the Massachusetts Institute of Technology (MIT). Tim Berners-Lee proposed an information management system then implemented the first successful communication between a Hypertext Transfer Protocol (HTTP) client and server via the Internet.
			</about>
			<image source="img/Tim.jpg">Sir Tim Berners-Lee</image>
			<link source="https://www.britannica.com/biography/Tim-Berners-Lee">Sir Tim Berners-Lee</link>
		</person>
	</persons>
	<systems>
		<system>
			<name>HyperCard</name>
			<description>
				HyperCard was a powerful, yet extremely easy to use tool for creating “stacks” — essentially flat-file databases that used hyperlinks as a way of navigating a stack of “cards”.
			</description>
			<image source="hypercard.jpg">HyperCard system</image>
			<link source="https://hypercard.org/">HyperCard</link>
			<link source="https://www.youtube.com/watch?v=2K1C5BZKP3I">Why HyperCard was so f***ing Great!</link>
			<link source="https://eshop.macsales.com/blog/64930-hypercard-one-stack-at-a-time/">HyperCard</link>
		</system>
		<system>
			<name>World Wide Web</name>
			<description>
				The World Wide Web is a collection of linked resources and documents, connected by hyperlinks and URLs
			</description>
			<link source="https://www.w3schools.com/html/">HTML w3schools</link>
		</system>
	</systems>
</hipertext>